Ship_Mode,Total_Sales,Total_Profit,Avg_Profit,Avg_Days_to_Ship
Standard Class,440138.48000000074,56198.19000000004,11.575322348094756,5.011328527291452
Second Class,141717.69999999992,19028.599999999988,12.158849840255582,3.248562300319489
First Class,121441.80999999987,14288.380000000001,11.339984126984127,2.1857142857142855
Same Day,35401.66000000001,4629.660000000002,10.692055427251736,0.050808314087759814
